{
  "__type__": "cc.SpriteFrame",
  "content": {
    "name": "foreground_02",
    "atlas": "",
    "rect": {
      "x": 0,
      "y": 323,
      "width": 1920,
      "height": 757
    },
    "offset": {
      "x": 0,
      "y": -161.5
    },
    "originalSize": {
      "width": 1920,
      "height": 1080
    },
    "rotated": false,
    "capInsets": [
      0,
      0,
      0,
      0
    ],
    "vertices": {
      "rawPosition": [
        -960,
        -378.5,
        0,
        960,
        -378.5,
        0,
        -960,
        378.5,
        0,
        960,
        378.5,
        0
      ],
      "indexes": [
        0,
        1,
        2,
        2,
        1,
        3
      ],
      "uv": [
        0,
        757,
        1920,
        757,
        0,
        0,
        1920,
        0
      ],
      "nuv": [
        0,
        0,
        1,
        0,
        0,
        0.700925925925926,
        1,
        0.700925925925926
      ],
      "minPos": {
        "x": -960,
        "y": -378.5,
        "z": 0
      },
      "maxPos": {
        "x": 960,
        "y": 378.5,
        "z": 0
      }
    },
    "texture": "c04f6c2d-226d-48e1-a219-ff9386691caf@6c48a",
    "packable": true,
    "pixelsToUnit": 100,
    "pivot": {
      "x": 0.5,
      "y": 0.5
    },
    "meshType": 0
  }
}