{
  "__type__": "cc.SpriteFrame",
  "content": {
    "name": "picture",
    "atlas": "",
    "rect": {
      "x": 1,
      "y": 0,
      "width": 495,
      "height": 1024
    },
    "offset": {
      "x": 0.5,
      "y": 0
    },
    "originalSize": {
      "width": 496,
      "height": 1024
    },
    "rotated": false,
    "capInsets": [
      0,
      0,
      0,
      0
    ],
    "vertices": {
      "rawPosition": [
        -247.5,
        -512,
        0,
        247.5,
        -512,
        0,
        -247.5,
        512,
        0,
        247.5,
        512,
        0
      ],
      "indexes": [
        0,
        1,
        2,
        2,
        1,
        3
      ],
      "uv": [
        1,
        1024,
        496,
        1024,
        1,
        0,
        496,
        0
      ],
      "nuv": [
        0.0020161290322580645,
        0,
        1,
        0,
        0.0020161290322580645,
        1,
        1,
        1
      ],
      "minPos": {
        "x": -247.5,
        "y": -512,
        "z": 0
      },
      "maxPos": {
        "x": 247.5,
        "y": 512,
        "z": 0
      }
    },
    "texture": "cb8f7def-bd34-459c-873c-ec807463c1bb@6c48a",
    "packable": true,
    "pixelsToUnit": 100,
    "pivot": {
      "x": 0.5,
      "y": 0.5
    },
    "meshType": 0
  }
}